﻿<?xml version="1.0"?>
<doc>
<assembly>
<name>
Coringa-RAT0.3
</name>
</assembly>
<members>
<member name="P:Coringa.My.Resources.Resources.ResourceManager">
	<summary>
  Returns the cached ResourceManager instance used by this class.
</summary>
</member><member name="P:Coringa.My.Resources.Resources.Culture">
	<summary>
  Overrides the current thread's CurrentUICulture property for all
  resource lookups using this strongly typed resource class.
</summary>
</member><member name="P:Coringa.My.Resources.Resources._59">
	<summary>
  Looks up a localized resource of type System.Drawing.Bitmap.
</summary>
</member><member name="P:Coringa.My.Resources.Resources.Descrição">
	<summary>
  Looks up a localized string similar to Imports System.Windows.Forms
Imports System.Reflection

&lt;Assembly: AssemblyTitle("*Title*")&gt; 
&lt;Assembly: AssemblyDescription("*Description*")&gt; 
&lt;Assembly: AssemblyCompany("*Company*")&gt; 
&lt;Assembly: AssemblyProduct("*Product*")&gt; 
&lt;Assembly: AssemblyCopyright("*Copyright*")&gt; 
&lt;Assembly: AssemblyTrademark("*Trademark*")&gt; 
&lt;Assembly: AssemblyVersion("*version*")&gt; 
&lt;Assembly: AssemblyFileVersion("*fversion*")&gt; 

Module X
    Sub Main()
    	MessageBox.Show("", "", MessageBoxButtons.OK, MessageBoxIco [rest of string was truncated]";.
</summary>
</member><member name="P:Coringa.My.Resources.Resources.h">
	<summary>
  Looks up a localized resource of type System.IO.UnmanagedMemoryStream similar to System.IO.MemoryStream.
</summary>
</member><member name="P:Coringa.My.Resources.Resources.mpress">
	<summary>
  Looks up a localized resource of type System.Byte[].
</summary>
</member><member name="P:Coringa.My.Resources.Resources.Res">
	<summary>
  Looks up a localized resource of type System.Byte[].
</summary>
</member><member name="T:Coringa.My.Resources.Resources">
	<summary>
  A strongly-typed resource class, for looking up localized strings, etc.
</summary>
</member>
</members>
</doc>